<?xml version="1.0" encoding="UTF-8" standalone="yes"?>
<playerspawnpoints>
    <!--
        Spawn points settings for newly created player characters
    -->
    <fresh>
        <!-- runtime parameters used when player is spawning -->
        <spawn_params>
            <!-- used to rate point against infected -->
            <min_dist_infected>30.0</min_dist_infected>
            <max_dist_infected>70.0</max_dist_infected>
            <!-- used to rate point against other players -->
            <min_dist_player>25.0</min_dist_player>
            <max_dist_player>70.0</max_dist_player>
            <!-- used to rate point against buildings -->
            <min_dist_static>0.5</min_dist_static>
            <max_dist_static>2.0</max_dist_static>
        </spawn_params>

        <!--
            Generator parameters

            Spawn points are generated around positions given inside <generator_posbubbles> element.
            Around every position is created a rectangle with given dimensions.
            This rectangle is then sampled for spawn point candidates in form of a grid.
        -->
        <generator_params>
            <!--
                Density is sample frequency of created rectangle.

                example:                         example:
                  density 4                        density 8

                grid will look like this:        grid will look like this:

                  +-----+-----+-----+-----+        +--+--+--+--+--+--+--+--+
                  |     |     |     |     |        |  |  |  |  |  |  |  |  |
                  |     |     |     |     |        +--+--+--+--+--+--+--+--+
                  |     |     |     |     |        |  |  |  |  |  |  |  |  |
                  +-----+-----+-----+-----+        +--+--+--+--+--+--+--+--+
                  |     |     |     |     |        |  |  |  |  |  |  |  |  |
                  |     |     |     |     |        +--+--+--+--+--+--+--+--+
                  |     |     |     |     |        |  |  |  |  |  |  |  |  |
                  +-----+-----+-----+-----+        +--+--+--+--+--+--+--+--+
                  |     |     |     |     |        |  |  |  |  |  |  |  |  |
                  |     |     |     |     |        +--+--+--+--+--+--+--+--+
                  |     |     |     |     |        |  |  |  |  |  |  |  |  |
                  +-----+-----+-----+-----+        +--+--+--+--+--+--+--+--+
                  |     |     |     |     |        |  |  |  |  |  |  |  |  |
                  |     |     |     |     |        +--+--+--+--+--+--+--+--+
                  |     |     |     |     |        |  |  |  |  |  |  |  |  |
                  +-----+-----+-----+-----+        +--+--+--+--+--+--+--+--+

                Every '+' represents a spawn point candidate.
                Blank areas are space between each spawn point.
                Width of each area is exaclty width / density.
                Height of each area is exaclty height / density.
            -->
            <grid_density>8</grid_density>
            <!-- total width of grid in metres -->
            <grid_width>40.0</grid_width>
            <!-- total height of grid in metres -->
            <grid_height>40.0</grid_height>
            <!--  minimum distance from buildings for valid spawn point -->
            <min_dist_static>0.5</min_dist_static>
            <!--  maximum distance from buildings used to rate valid spawn point -->
            <max_dist_static>2.0</max_dist_static>
            <!-- terrain slope limits for valid spawn point -->
            <min_steepness>-45</min_steepness>
            <max_steepness>45</max_steepness>
        </generator_params>

        <!-- centers for grids of spawn points -->
		<generator_posbubbles>
			<pos x="6682.530384" z="11660.38679" />
			<pos x="7744.035156" z="12151.347656" />
			<pos x="7736.07373" z="11904.120117" />
			<pos x="8003.124512" z="11939.415039" />
			<pos x="7021.643555" z="11830.466797" />
			<pos x="7554.753418" z="11516.55664" />
			<pos x="7853.3125" z="11609.793945" />
			<pos x="7918.828125" z="11472.549805" />
			<pos x="8650.677734" z="12275.077148" />
			<pos x="8279.28125" z="12104.258789" />
			<pos x="8591.625" z="11982.445312" />
			<pos x="8191.921875" z="11890.692383" />
			<pos x="8683.430664" z="11856.082031" />
			<pos x="9297.769531" z="11777.639648" />
			<pos x="5144.77002" z="10649.376953" />
			<pos x="6079.451172" z="11181.5" />
			<pos x="6041.416016" z="10719.780273" />
			<pos x="6179.967285" z="10885.383789" />
			<pos x="6704.750488" z="10912.507812" />
			<pos x="6294.886719" z="10596.706055" />
			<pos x="6475.836914" z="10619.475586" />
			<pos x="6733.862305" z="10595.348633" />
			<pos x="5431.018066" z="9898.227539" />
			<pos x="5807.0625" z="10430.993164" />
			<pos x="6019.592773" z="10427.881836" />
			<pos x="5479.296875" z="10245.260742" />
			<pos x="6622.995605" z="10308.44043" />
			<pos x="5779.374512" z="10109.274414" />
			<pos x="6834.778781" z="11458.499534" />
			<pos x="6958.390625" z="11271.239258" />
			<pos x="6898.158691" z="10977.705078" />
			<pos x="8404.699219" z="11398.232422" />
			<pos x="8724.40918" z="11396.919922" />
			<pos x="9096.140625" z="11439.855469" />
			<pos x="947.18811" z="7951.342773" />
			<pos x="1168.421875" z="7977.856933" />
			<pos x="3714.868164" z="9055.958984" />
			<pos x="4099.396484" z="9101.185547" />
			<pos x="3847.973633" z="8844.125" />
			<pos x="1883.153687" z="8240.203125" />
			<pos x="1602.249023" z="8064.331543" />
			<pos x="1999.930054" z="7959.29834" />
			<pos x="2537.765381" z="8213.854492" />
			<pos x="2683.496582" z="8147.488769" />
			<pos x="3644.778809" z="8701.624023" />
			<pos x="3726.062988" z="8562.68457" />
			<pos x="4071.300049" z="8580.581055" />
			<pos x="3032.5271" z="8033.829102" />
			<pos x="3677.100586" z="8256.329101" />
			<pos x="633.780945" z="7621.029785" />
			<pos x="862.407227" z="7552.766113" />
			<pos x="1157.554565" z="7753.091308" />
			<pos x="1414.921875" z="7816.691406" />
			<pos x="924.588074" z="7647.233398" />
			<pos x="756.982422" z="7205.818848" />
			<pos x="776.589294" z="6766.643066" />
			<pos x="1053.118396" z="7057.456495" />
			<pos x="1520.966431" z="6860.919922" />
			<pos x="1268.042969" z="6816.873535" />
			<pos x="1775.043091" z="7813.716797" />
			<pos x="2231.364746" z="7855.451172" />
			<pos x="2343.170898" z="7736.50293" />
			<pos x="2408.383898" z="7575.631348" />
			<pos x="2124.025391" z="7319.203613" />
			<pos x="2274.927979" z="7437.939941" />
			<pos x="2649.880371" z="7495.152344" />
			<pos x="3454.078125" z="7809.459961" />
			<pos x="1857.75061" z="6858.865234" />
			<pos x="4554.21875" z="9272.255859" />
			<pos x="4715.887207" z="9267.655273" />
			<pos x="5407.981934" z="9569.438476" />
			<pos x="5088.265625" z="9277.438476" />
			<pos x="5313.59375" z="9394.969726" />
			<pos x="4286.290039" z="9002.02832" />
			<pos x="4227.38623" z="8841.611328" />
			<pos x="5167.078125" z="9182.749023" />
			<pos x="5000.408203" z="8978.061523" />
			<pos x="5469.980957" z="9219.548828" />
			<pos x="4329.166016" z="8596.719726" />
			<pos x="4234.539063" z="8463.833008" />
			<pos x="5000.59375" z="8770.578125" />
			<pos x="4394.338379" z="8124.820313" />
			<pos x="9754.198242" z="11778.700195" />
			<pos x="9611.485352" z="11525.09668" />
			<pos x="9773.953125" z="11569.594727" />
			<pos x="10138.941406" z="11500.68164" />
			<pos x="10525.191406" z="11504.755859" />
			<pos x="11175.873047" z="11685.606445" />
			<pos x="10927.390625" z="11651.228515" />
			<pos x="11307.439453" z="11588.50293" />
			<pos x="9822.769531" z="11243.412109" />
			<pos x="10372.939453" z="11416.833984" />
			<pos x="10387.540039" z="11264.49707" />
			<pos x="10141.603516" z="11199.976562" />
			<pos x="10306.191406" z="11025.578125" />
			<pos x="9970.256836" z="10735.585938" />
			<pos x="10678.25" z="10751.09668" />
			<pos x="10754.444336" z="11390.805664" />
			<pos x="10851.258789" z="11449.327148" />
			<pos x="11221.193359" z="11195.426758" />
			<pos x="11351.484375" z="11312.52832" />
			<pos x="10906.47168" z="10848.054688" />
			<pos x="11018.254883" z="11012.966797" />
			<pos x="10978.241211" z="10617.814453" />
			<pos x="11260.719727" z="10782.513672" />
			<pos x="11235.775391" z="10487.852539" />
			<pos x="11307.953125" z="10152.009765" />
			<pos x="11522.473633" z="10173.335938" />
			<pos x="11282.561523" z="9972.947266" />
			<pos x="11847.306641" z="9854.03125" />
			<pos x="11866.519531" z="9788.143555" />
			<pos x="11961.262695" z="9411.266601" />
			<pos x="12093.87793" z="9522.452148" />
		</generator_posbubbles>
    </fresh>
</playerspawnpoints>
